"groups","Calls","Intern","Text","Data","Age","proportion"
2,3.09602787456446,0.522299651567944,301.955993031359,1.9987456445993,34.4668989547038,0.287
5,1.70813492063492,0.102539682539683,510.651785714286,3.73301587301587,18.8769841269841,0.252
1,1.02113402061856,0.204484536082474,20.8743298969072,0.208814432989691,60.7783505154639,0.194
3,5.12971590909091,1.02329545454545,21.3298863636364,2.05994318181818,45.9090909090909,0.176
4,2.30758241758242,0.102527472527473,20.5743956043956,0.52010989010989,35.7802197802198,0.091
