"groups","S","LPE","NP","ANH","TIC","Newborn","proportion"
1,0.408387096774194,0.510561529271207,2,143.573476702509,3,0.0525686977299881,0.4185
3,0.103339920948617,0.871818181818182,6.20158102766798,276.300395256917,4.10079051383399,0.0474308300395257,0.253
2,0.818408163265306,0.922530612244898,4.60408163265306,247.391836734694,5.20612244897959,0.0510204081632653,0.245
4,0.507664670658683,0.727604790419162,4.10778443113772,207.347305389222,3.70658682634731,0.0718562874251497,0.0835
